,CAGR,Max_Drawdown,Sharp_Ratio,Value
LSTM_rm,1.3126796493748274,28.355375222524245,0.051220604149147454,11787.449020385742
