,CAGR,Max_Drawdown,Sharp_Ratio,Value
LSTM_rm,12.009199134454438,28.594999290177725,0.1715617772478797,15959.923067092896
