,CAGR,Max_Drawdown,Sharp_Ratio,Value
LSTM_rm,28.703126347070963,30.059796884207238,0.3530012712665369,64152.225769519806
