,CAGR,Max_Drawdown,Sharp_Ratio,Value
LSTM_rm,5.122735617822306,18.320438055898805,0.14396676317534915,19045.728370666504
