,CAGR,Max_Drawdown,Sharp_Ratio,Value
LSTM_rm,-30.654902917674704,76.6233435297814,-0.20451370781145037,3662.765179157257
