,CAGR,Max_Drawdown,Sharp_Ratio,Value
LSTM_rm,13.78301961873068,21.611383276634477,0.26080404291045334,20957.279299259186
