,CAGR,Max_Drawdown,Sharp_Ratio,Value
Trained_LSTM,18.99317879356528,28.97774151984382,0.2490693927449182,19477.652700424194
