,CAGR,Max_Drawdown,Sharp_Ratio,Value
Trained_LSTM,10.811759818230762,19.412764026295346,0.22821340415298727,18364.03404903412
