,CAGR,Max_Drawdown,Sharp_Ratio,Value
Trained_LSTM,20.310958531675034,15.70604691170987,0.3810971846746574,40047.27584576607
