,CAGR,Max_Drawdown,Sharp_Ratio,Value
Trained_LSTM,7.826418152524497,14.806693933540046,0.23356129902034284,16377.166648864746
