,CAGR,Max_Drawdown,Sharp_Ratio,Value
Trained_LSTM,19.444227749052995,42.75086742641524,0.20136761919323515,18758.3397231102
